{
  "val": {
    "mae": 0.811432041402451,
    "r2": 0.4120918737120409,
    "acc@0.5": 0.35,
    "acc@1.0": 0.75,
    "acc@2.0": 0.95
  },
  "test": {
    "mae": 0.8748062075924837,
    "r2": -6.237740020797292,
    "acc@0.5": 0.0625,
    "acc@1.0": 0.6875,
    "acc@2.0": 1.0
  },
  "weights": [
    0.0,
    0.9999999900000002
  ]
}