{
  "mae": 0.8657209277153015,
  "r2": 0.3735421736303901,
  "acc@0.5": 0.37349397590361444,
  "acc@1.0": 0.6144578313253012,
  "acc@2.0": 0.9518072289156626
}