{
  "mae": 0.9643263816833496,
  "r2": 0.3867456222950182,
  "acc@0.5": 0.3473684210526316,
  "acc@1.0": 0.6631578947368421,
  "acc@2.0": 0.8842105263157894
}