{
  "mae": 1.4134182929992676,
  "r2": -0.3245997691788536,
  "acc@0.5": 0.23863636363636365,
  "acc@1.0": 0.4659090909090909,
  "acc@2.0": 0.7840909090909091
}