{
  "mae": 0.8782241940498352,
  "r2": 0.442354913176226,
  "acc@0.5": 0.3253012048192771,
  "acc@1.0": 0.6265060240963856,
  "acc@2.0": 0.927710843373494
}