{
  "mae": 2.3610565662384033,
  "r2": 0.024971039618862823,
  "acc@0.5": 0.2891566265060241,
  "acc@1.0": 0.6506024096385542,
  "acc@2.0": 0.9518072289156626
}