{
  "mae": 1.0616267919540405,
  "r2": -0.015399051520450513,
  "acc@0.5": 0.42,
  "acc@1.0": 0.59,
  "acc@2.0": 0.84
}