{
  "mae": 2.2199959754943848,
  "r2": -0.02699923351327449,
  "acc@0.5": 0.3614457831325301,
  "acc@1.0": 0.6746987951807228,
  "acc@2.0": 0.9156626506024096
}