{
  "mae": 0.9346564412117004,
  "r2": 0.31239780050938337,
  "acc@0.5": 0.3493975903614458,
  "acc@1.0": 0.5542168674698795,
  "acc@2.0": 0.9397590361445783
}