{
  "mae": 1.1404228210449219,
  "r2": 0.364803063245141,
  "acc@0.5": 0.2696629213483146,
  "acc@1.0": 0.5393258426966292,
  "acc@2.0": 0.8876404494382022
}