{
  "mae": 1.0782060623168945,
  "r2": 0.032878501840837626,
  "acc@0.5": 0.32,
  "acc@1.0": 0.57,
  "acc@2.0": 0.88
}