{
  "mae": 0.9351732730865479,
  "r2": 0.3558066993810709,
  "acc@0.5": 0.42105263157894735,
  "acc@1.0": 0.7157894736842105,
  "acc@2.0": 0.8842105263157894
}