{
  "mae": 1.1168251037597656,
  "r2": 0.014801997630740193,
  "acc@0.5": 0.29,
  "acc@1.0": 0.51,
  "acc@2.0": 0.88
}