{
  "mae": 1.0842474699020386,
  "r2": 0.3311821934337462,
  "acc@0.5": 0.42696629213483145,
  "acc@1.0": 0.5955056179775281,
  "acc@2.0": 0.8089887640449438
}