{
  "mae": 2.342381477355957,
  "r2": 0.019251317156266157,
  "acc@0.5": 0.3253012048192771,
  "acc@1.0": 0.6506024096385542,
  "acc@2.0": 0.927710843373494
}