{
  "mae": 0.9103651642799377,
  "r2": 0.32737004347286447,
  "acc@0.5": 0.3253012048192771,
  "acc@1.0": 0.6265060240963856,
  "acc@2.0": 0.9397590361445783
}