{
  "mae": 0.9497231245040894,
  "r2": 0.24052877831048158,
  "acc@0.5": 0.34,
  "acc@1.0": 0.66,
  "acc@2.0": 0.91
}