{
  "mae": 2.1326756477355957,
  "r2": -0.009353886795335553,
  "acc@0.5": 0.3855421686746988,
  "acc@1.0": 0.7228915662650602,
  "acc@2.0": 0.9156626506024096
}