{
  "val": {
    "mae": 0.6459702031036191,
    "r2": 0.5259650328821495,
    "acc@0.5": 0.5625,
    "acc@1.0": 0.6875,
    "acc@2.0": 1.0
  },
  "test": {
    "mae": 0.291012806648948,
    "r2": -0.312979727755728,
    "acc@0.5": 0.75,
    "acc@1.0": 1.0,
    "acc@2.0": 1.0
  },
  "weights": [
    0.0,
    0.7999999936000001,
    0.0,
    0.19999999840000002
  ]
}