{
  "mae": 2.3611414432525635,
  "r2": 0.0250224875009043,
  "acc@0.5": 0.3373493975903614,
  "acc@1.0": 0.6144578313253012,
  "acc@2.0": 0.9397590361445783
}