{
  "mae": 0.8718407154083252,
  "r2": 0.43968395329346877,
  "acc@0.5": 0.3493975903614458,
  "acc@1.0": 0.6144578313253012,
  "acc@2.0": 0.9397590361445783
}