{
  "mae": 2.1637210845947266,
  "r2": -0.027935386879562207,
  "acc@0.5": 0.3373493975903614,
  "acc@1.0": 0.6867469879518072,
  "acc@2.0": 0.927710843373494
}