{
  "pretrained_source": "Phase1_Fusion",
  "best_metrics": [
    {
      "epoch": 5,
      "metrics": {
        "mae": 0.6550782918930054,
        "r2": 0.05908410276183251,
        "acc@0.5": 0.5625,
        "acc@1.0": 0.75,
        "acc@2.0": 0.875,
        "train_loss": 2.4648720741271974
      }
    }
  ]
}