{
  "pretrained_source": "Phase1_Fusion",
  "best_metrics": [
    {
      "epoch": 52,
      "metrics": {
        "mae": 0.804765522480011,
        "r2": 0.4519016885208076,
        "acc@0.5": 0.4,
        "acc@1.0": 0.5,
        "acc@2.0": 1.0,
        "train_loss": 0.7275911450386048
      }
    }
  ]
}