{
  "pretrained_source": "Phase1_Fusion",
  "best_metrics": [
    {
      "epoch": 8,
      "metrics": {
        "mae": 0.812578022480011,
        "r2": 0.41055885236170564,
        "acc@0.5": 0.35,
        "acc@1.0": 0.75,
        "acc@2.0": 0.95,
        "train_loss": 1.2768671035766601
      }
    }
  ]
}