{
  "pretrained_source": "Phase1_Fusion",
  "best_metrics": [
    {
      "epoch": 63,
      "metrics": {
        "mae": 0.7959960699081421,
        "r2": 0.06385170867026024,
        "acc@0.5": 0.5625,
        "acc@1.0": 0.6875,
        "acc@2.0": 0.75,
        "train_loss": 0.6060248553752899
      }
    }
  ]
}