{
  "pretrained_source": "Phase1_Fusion",
  "best_metrics": [
    {
      "epoch": 39,
      "metrics": {
        "mae": 0.7217773199081421,
        "r2": 0.47770138985578103,
        "acc@0.5": 0.5,
        "acc@1.0": 0.625,
        "acc@2.0": 1.0,
        "train_loss": 0.6765663623809814
      }
    }
  ]
}