{
  "pretrained_source": "Phase1_Fusion",
  "best_metrics": [
    {
      "epoch": 48,
      "metrics": {
        "mae": 0.8508789539337158,
        "r2": 0.25417335179497014,
        "acc@0.5": 0.4375,
        "acc@1.0": 0.625,
        "acc@2.0": 0.875,
        "train_loss": 0.6847512125968933
      }
    }
  ]
}