{
  "mae": 0.7917741537094116,
  "r2": 0.4370401465629493,
  "acc@0.5": 0.4457831325301205,
  "acc@1.0": 0.6626506024096386,
  "acc@2.0": 0.9397590361445783
}