{
  "mae": 1.2977741956710815,
  "r2": -0.21238041857374812,
  "acc@0.5": 0.26136363636363635,
  "acc@1.0": 0.5227272727272727,
  "acc@2.0": 0.8409090909090909
}