{
  "mae": 1.0891081094741821,
  "r2": 0.3598700592814059,
  "acc@0.5": 0.3595505617977528,
  "acc@1.0": 0.5842696629213483,
  "acc@2.0": 0.8202247191011236
}