{
  "mae": 0.8256655931472778,
  "r2": 0.43796797540007004,
  "acc@0.5": 0.30120481927710846,
  "acc@1.0": 0.6867469879518072,
  "acc@2.0": 0.9518072289156626
}